uid,title,abstract,year,venue,authors,doi,arxiv_id,url,source,query,query_role,family,advisor_seed,citation_count,matched_terms,retrieved_at,relevance_score,hostile_score
doi:10.1609/aaai.v38i9.28898,LINGO-Space: Language-Conditioned Incremental Grounding for Space,"We aim to solve the problem of spatially localizing composite instructions referring to space: space grounding. Compared to current instance grounding, space grounding is challenging due to the ill-posedness of identifying locations referred to by discrete expressions and the compositional ambiguity of referring expressions. Therefore, we propose a novel probabilistic space-grounding methodology (LINGO-Space) that accurately identifies a probabilistic distribution of space being referred to and incrementally updates it, given subsequent referring expressions leveraging configurable polar distributions. Our evaluations show that the estimation using polar distributions enables a robot to ground locations successfully through 20 table-top manipulation benchmark tests. We also show that updating the distribution helps the grounding method accurately narrow the referring space. We finally de",2024,Proceedings of the AAAI Conference on Artificial Intelligence,Do-Hyun Kim; Nayoung Oh; Deokmin Hwang; Daehyung Park,10.1609/aaai.v38i9.28898,,https://doi.org/10.1609/aaai.v38i9.28898,openalex,energy based transformer robot policy,concept,ebm_transformer,,6,energy based transformer robot policy; benchmark; robustness,2026-06-12T18:05:07Z,22.123,25.123
doi:10.18653/v1/2024.alvr-1.4,Negative Object Presence Evaluation (NOPE) to Measure Object Hallucination in Vision-Language Models,,2024,Proceedings of the 3rd Workshop on Advances in Language and Vision Research (ALVR),Holy Lovenia; Wenliang Dai; Samuel Cahyawijaya; Ziwei Ji; Pascale Fung,10.18653/v1/2024.alvr-1.4,,https://doi.org/10.18653/v1/2024.alvr-1.4,crossref,vision language action model limitation robotics,hostile,failure,,20,vision language action model; limitation,2026-06-12T15:07:36Z,15.922,22.922
doi:10.1609/icaps.v34i1.31506,SayNav: Grounding Large Language Models for Dynamic Planning to Navigation in New Environments,"Semantic reasoning and dynamic planning capabilities are crucial for an autonomous agent to perform complex navigation tasks in unknown environments. It requires a large amount of common-sense knowledge, that humans possess, to succeed in these tasks. We present SayNav, a new approach that leverages human knowledge from Large Language Models (LLMs) for efficient generalization to complex navigation tasks in unknown large-scale environments. SayNav uses a novel grounding mechanism, that incrementally builds a 3D scene graph of the explored environment as inputs to LLMs, for generating feasible and contextually appropriate high-level plans for navigation. The LLM-generated plan is then executed by a pre-trained low-level planner, that treats each planned step as a short-distance point-goal navigation sub-task. SayNav dynamically generates step-by-step instructions during navigation and con",2024,Proceedings of the International Conference on Automated Planning and Scheduling,Abhinav Rajvanshi; Karan Sikka; Xiao Lin; Bhoram Lee; Han-Pang Chiu; Alvaro Velasquez,10.1609/icaps.v34i1.31506,,https://doi.org/10.1609/icaps.v34i1.31506,crossref,large language model limitation robot planning,anti_myopia,anti_thesis,,50,limitation; benchmark; generalization; large language model limitation robot planning,2026-06-12T15:07:36Z,16.666,22.666
doi:10.1109/lra.2024.3362591,DRAGON: A Dialogue-Based Robot for Assistive Navigation with Visual Language Grounding,"Persons with visual impairments (PwVI) have difficulties understanding and navigating spaces around them. Current wayfinding technologies either focus solely on navigation or provide limited communication about the environment. Motivated by recent advances in visual-language grounding and semantic navigation, we propose DRAGON, a guiding robot powered by a dialogue system and the ability to associate the environment with natural language. By understanding the commands from the user, DRAGON is able to guide the user to the desired landmarks on the map, describe the environment, and answer questions from visual observations. Through effective utilization of dialogue, the robot can ground the user's free-form descriptions to landmarks in the environment, and give the user semantic information through spoken language. We conduct a user study with blindfolded participants in an everyday indoo",2023,arXiv,Shuijing Liu; Aamir Hasan; Kaiwen Hong; Runxuan Wang; Peixin Chang; Zachary Mizrachi; Justin Lin; D. Livingston McPherson; Wendy A. Rogers; Katherine Driggs-Campbell,10.1109/lra.2024.3362591,2307.06924v3,http://arxiv.org/abs/2307.06924v3,arxiv,vision language action model limitation robotics,hostile,failure,,,vision language action model; limitation,2026-06-12T14:45:03Z,17.450,22.450
arxiv:2602.17659v1,When Vision Overrides Language: Evaluating and Mitigating Counterfactual Failures in VLAs,"Vision-Language-Action models (VLAs) promise to ground language instructions in robot control, yet in practice often fail to faithfully follow language. When presented with instructions that lack strong scene-specific supervision, VLAs suffer from counterfactual failures: they act based on vision shortcuts induced by dataset biases, repeatedly executing well-learned behaviors and selecting objects frequently seen during training regardless of language intent. To systematically study it, we introduce LIBERO-CF, the first counterfactual benchmark for VLAs that evaluates language following capability by assigning alternative instructions under visually plausible LIBERO layouts. Our evaluation reveals that counterfactual failures are prevalent yet underexplored across state-of-the-art VLAs. We propose Counterfactual Action Guidance (CAG), a simple yet effective dual-branch inference scheme t",2026,arXiv,Yu Fang; Yuchun Feng; Dong Jing; Jiaqi Liu; Yue Yang; Zhenyu Wei; Daniel Szafir; Mingyu Ding,,2602.17659v1,http://arxiv.org/abs/2602.17659v1,arxiv,vision language action model failure,anti_myopia,anti_thesis,,,vision language action model; benchmark; robustness; real world evaluation; vision language action model failure,2026-06-12T15:07:36Z,14.450,22.450
arxiv:2412.14058v4,What Matters in Building Vision-Language-Action Models for Generalist Robots,"To utilize Foundation Vision Language Models (VLMs) for robotic tasks and motion planning, the community has proposed different methods for injecting action components into VLMs and building the Vision-Language-Action models (VLAs). In this work, we disclose the key factors that significantly influence the performance of VLA on robot manipulation problems and focus on answering three essential design choices: which backbone to select, how to formulate the VLA architectures, and when to add cross-embodiment data. The obtained results convince us firmly to explain why we prefer VLA and develop a new family of VLAs, RoboVLMs, which require very few manual designs and achieve a new state-of-the-art performance in three simulation tasks and real-world experiments. Through our extensive experiments, which include over 8 VLM backbones, 4 policy architectures, and over 600 distinct designed expe",2024,arXiv,Xinghang Li; Peiyan Li; Long Qian; Minghuan Liu; Dong Wang; Jirong Liu; Bingyi Kang; Xiao Ma; Xinlong Wang; Di Guo; Tao Kong; Hanbo Zhang; Huaping Liu,,2412.14058v4,http://arxiv.org/abs/2412.14058v4,arxiv,vision language action model limitation robotics,hostile,failure,,,vision language action model; robot manipulation; motion planning; limitation,2026-06-12T14:45:03Z,14.950,21.950
doi:10.1609/aaai.v40i22.38947,Grounding Actions in Camera Space: Observation-Centric Vision-Language-Action Policy,"Vision-Language-Action (VLA) models frequently encounter challenges in generalizing to real-world environments due to inherent discrepancies between observation and action spaces. Although training data are collected from diverse camera perspectives, the models typically predict end-effector poses within the robot base coordinate frame, resulting in spatial inconsistencies. To mitigate this limitation, we introduce the Observation-Centric VLA (OC-VLA) framework, which grounds action predictions directly in the camera observation space. Leveraging the camera’s extrinsic calibration matrix, OC-VLA transforms end-effector poses from the robot base coordinate system into the camera coordinate system, thereby unifying prediction targets across heterogeneous viewpoints. This lightweight, plug-and-play strategy ensures robust alignment between perception and action, substantially improving mode",2026,Proceedings of the AAAI Conference on Artificial Intelligence,Tianyi Zhang; Haonan Duan; Haoran Hao; Yu Qiao; Jifeng Dai; Zhi Hou,10.1609/aaai.v40i22.38947,,https://doi.org/10.1609/aaai.v40i22.38947,crossref,vision language action model limitation robotics,hostile,failure,,,vision language action model; limitation; generalization,2026-06-12T15:07:36Z,14.950,21.950
arxiv:2204.06252v2,What Matters in Language Conditioned Robotic Imitation Learning over Unstructured Data,"A long-standing goal in robotics is to build robots that can perform a wide range of daily tasks from perceptions obtained with their onboard sensors and specified only via natural language. While recently substantial advances have been achieved in language-driven robotics by leveraging end-to-end learning from pixels, there is no clear and well-understood process for making various design choices due to the underlying variation in setups. In this paper, we conduct an extensive study of the most critical challenges in learning language conditioned policies from offline free-form imitation datasets. We further identify architectural and algorithmic techniques that improve performance, such as a hierarchical decomposition of the robot control learning, a multimodal transformer encoder, discrete latent plans and a self-supervised contrastive loss that aligns video and language representatio",2022,arXiv,Oier Mees; Lukas Hermann; Wolfram Burgard,,2204.06252v2,http://arxiv.org/abs/2204.06252v2,arxiv,tactile language action robotics,concept,tactile,,,robot manipulation; imitation learning; benchmark; long horizon,2026-06-12T14:45:03Z,20.900,21.900
doi:10.1109/lra.2022.3196123,What Matters in Language Conditioned Robotic Imitation Learning Over Unstructured Data,"A long-standing goal in robotics is to build robots that can perform a wide range of daily tasks from perceptions obtained with their onboard sensors and specified only via natural language. While recently substantial advances have been achieved in language-driven robotics by leveraging end-to-end learning from pixels, there is no clear and well-understood process for making various design choices due to the underlying variation in setups. In this letter, we conduct an extensive study of the most critical challenges in learning language conditioned policies from offline free-form imitation datasets. We further identify architectural and algorithmic techniques that improve performance, such as a hierarchical decomposition of the robot control learning, a multimodal transformer encoder, discrete latent plans and a self-supervised contrastive loss that aligns video and language representati",2022,IEEE Robotics and Automation Letters,Oier Mees; Lukás Hermann; Wolfram Burgard,10.1109/lra.2022.3196123,,https://doi.org/10.1109/lra.2022.3196123,openalex,robotics,concept,openalex_bulk_robotics,,68,robot manipulation; imitation learning; benchmark; long horizon,2026-06-12T18:57:17Z,20.867,21.867
doi:10.1049/cvi2.12268,OmDet: Large‐scale vision‐language multi‐dataset pre‐training with multimodal detection network,"Abstract The advancement of object detection (OD) in open‐vocabulary and open‐world scenarios is a critical challenge in computer vision. OmDet, a novel language‐aware object detection architecture and an innovative training mechanism that harnesses continual learning and multi‐dataset vision‐language pre‐training is introduced. Leveraging natural language as a universal knowledge representation, OmDet accumulates “visual vocabularies” from diverse datasets, unifying the task as a language‐conditioned detection framework. The multimodal detection network (MDN) overcomes the challenges of multi‐dataset joint training and generalizes to numerous training datasets without manual label taxonomy merging. The authors demonstrate superior performance of OmDet over strong baselines in object detection in the wild, open‐vocabulary detection, and phrase grounding, achieving state‐of‐the‐art result",2024,IET Computer Vision,Tiancheng Zhao; Peng Liu; Kyusong Lee,10.1049/cvi2.12268,,https://doi.org/10.1049/cvi2.12268,crossref,vision language action model limitation robotics,hostile,failure,,9,vision language action model; continual learning; limitation; ablation,2026-06-12T15:07:36Z,15.601,21.601
arxiv:2602.03973v1,VLS: Steering Pretrained Robot Policies via Vision-Language Models,"Why do pretrained diffusion or flow-matching policies fail when the same task is performed near an obstacle, on a shifted support surface, or amid mild clutter? Such failures rarely reflect missing motor skills; instead, they expose a limitation of imitation learning under train-test shifts, where action generation is tightly coupled to training-specific spatial configurations and task specifications. Retraining or fine-tuning to address these failures is costly and conceptually misaligned, as the required behaviors already exist but cannot be selectively adapted at test time. We propose Vision-Language Steering (VLS), a training-free framework for inference-time adaptation of frozen generative robot policies. VLS treats adaptation as an inference-time control problem, steering the sampling process of a pretrained diffusion or flow-matching policy in response to out-of-distribution obser",2026,arXiv,Shuo Liu; Ishneet Sukhvinder Singh; Yiqing Xu; Jiafei Duan; Ranjay Krishna,,2602.03973v1,http://arxiv.org/abs/2602.03973v1,arxiv,vision language action model limitation robotics,hostile,failure,,,vision language action model; flow matching policy; imitation learning; limitation; out of distribution; deployment; real world evaluation,2026-06-12T14:45:03Z,12.500,21.500
arxiv:2603.12510v3,Red-Teaming Vision-Language-Action Models via Quality Diversity Prompt Generation for Robust Robot Policies,"Vision-Language-Action (VLA) models have significant potential to enable general-purpose robotic systems for a range of vision-language tasks. However, the performance of VLA-based robots is highly sensitive to the precise wording of language instructions, and it remains difficult to predict when such robots will fail. We propose Quality Diversity (QD) optimization as a natural framework for red-teaming embodied models, and present Q-DIG (Quality Diversity for Diverse Instruction Generation), which performs red-teaming by scalably identifying diverse, natural language task descriptions that induce failures while remaining task-relevant. Q-DIG integrates QD techniques with Vision-Language Models (VLMs) to generate a broad spectrum of adversarial instructions that expose meaningful vulnerabilities in VLA behavior. Our results across multiple simulation benchmarks show that Q-DIG finds more",2026,arXiv,Siddharth Srikanth; Freddie Liang; Ya-Chuan Hsu; Varun Bhatt; Shihan Zhao; Henry Chen; Bryon Tjanaka; Minjune Hwang; Akanksha Saran; Daniel Seita; Aaquib Tabrez; Stefanos Nikolaidis,,2603.12510v3,http://arxiv.org/abs/2603.12510v3,arxiv,vision language action model limitation robotics,hostile,failure,,,vision language action model; failure mode; limitation; benchmark; robustness; real world evaluation,2026-06-12T14:45:03Z,12.500,21.500
doi:10.1109/icra57147.2024.10610443,LLM-Grounder: Open-Vocabulary 3D Visual Grounding with Large Language Model as an Agent,,2024,2024 IEEE International Conference on Robotics and Automation (ICRA),Jianing Yang; Xuweiyi Chen; Shengyi Qian; Nikhil Madaan; Madhavan Iyengar; David F. Fouhey; Joyce Chai,10.1109/icra57147.2024.10610443,,https://doi.org/10.1109/icra57147.2024.10610443,crossref,vision language action model limitation robotics,hostile,failure,,64,vision language action model; limitation,2026-06-12T15:07:36Z,16.487,21.487
doi:10.3390/s26113541,Sensing the Action: Rethinking Sensor Modalities and Multi-Modal Fusion in Vision–Language–Action Models for Robotic Manipulation,"Recent Vision–Language–Action (VLA) models have rapidly emerged as general-purpose robotic policies that integrate language understanding, visual perception, and robot control. However, prior studies and surveys have primarily emphasized backbone architectures, action decoders, training recipes, and benchmark performance, whereas relatively limited systematic attention has been given to sensor modality selection, heterogeneous signal alignment and fusion, and their connection to action generation, all of which are critical to the performance and safety of real-world robotic manipulation. This survey addresses this gap by reinterpreting VLA within the framework of a sensor–fusion–action pipeline. This study first presents a systematic taxonomy of major sensor modalities, including RGB, depth, tactile sensing, force/torque, proprioception and inertial measurement unit, multi-spectral/therm",2026,Sensors,Byoung Chul Ko,10.3390/s26113541,,https://doi.org/10.3390/s26113541,crossref,vision language action model limitation robotics,hostile,failure,,,vision language action model; proprioception; teleoperation; failure mode; limitation; benchmark; robustness; deployment; latency,2026-06-12T14:45:03Z,12.300,21.300
arxiv:2503.08548v1,TLA: Tactile-Language-Action Model for Contact-Rich Manipulation,"Significant progress has been made in vision-language models. However, language-conditioned robotic manipulation for contact-rich tasks remains underexplored, particularly in terms of tactile sensing. To address this gap, we introduce the Tactile-Language-Action (TLA) model, which effectively processes sequential tactile feedback via cross-modal language grounding to enable robust policy generation in contact-intensive scenarios. In addition, we construct a comprehensive dataset that contains 24k pairs of tactile action instruction data, customized for fingertip peg-in-hole assembly, providing essential resources for TLA training and evaluation. Our results show that TLA significantly outperforms traditional imitation learning methods (e.g., diffusion policy) in terms of effective action generation and action accuracy, while demonstrating strong generalization capabilities by achieving o",2025,arXiv,Peng Hao; Chaofan Zhang; Dingzhe Li; Xiaoge Cao; Xiaoshuai Hao; Shaowei Cui; Shuo Wang,,2503.08548v1,http://arxiv.org/abs/2503.08548v1,arxiv,contact rich manipulation learning,concept,contact,,,diffusion policy; contact rich manipulation; skill learning; imitation learning; generalization,2026-06-12T14:45:03Z,19.200,21.200
arxiv:2507.09160v1,Tactile-VLA: Unlocking Vision-Language-Action Model's Physical Knowledge for Tactile Generalization,"Vision-Language-Action (VLA) models have shown remarkable achievements, driven by the rich implicit knowledge of their vision-language components. However, achieving generalist robotic agents demands precise grounding into physical interactions, especially in contact-rich scenarios where fine-grained force control is essential. We advance VLAs' implicit knowledge beyond identifying what to do, towards guiding how to physically interact with real world. This paper introduces Tactile-VLA, a novel framework that deeply fuses vision, language, action, and tactile sensing. This framework incorporates a hybrid position-force controller to translate the model's intentions into precise physical actions and a reasoning module that allows the robot to adapt its strategy based on tactile feedback. Experiments demonstrate Tactile-VLA's effectiveness and generalizability in three key aspects: (1) ena",2025,arXiv,Jialei Huang; Shuo Wang; Fanqi Lin; Yihang Hu; Chuan Wen; Yang Gao,,2507.09160v1,http://arxiv.org/abs/2507.09160v1,arxiv,tactile language action robotics,concept,tactile,,,vision language action model; force control; generalization,2026-06-12T14:45:03Z,19.200,21.200
arxiv:2308.16893v1,Language-Conditioned Path Planning,"Contact is at the core of robotic manipulation. At times, it is desired (e.g. manipulation and grasping), and at times, it is harmful (e.g. when avoiding obstacles). However, traditional path planning algorithms focus solely on collision-free paths, limiting their applicability in contact-rich tasks. To address this limitation, we propose the domain of Language-Conditioned Path Planning, where contact-awareness is incorporated into the path planning problem. As a first step in this domain, we propose Language-Conditioned Collision Functions (LACO) a novel approach that learns a collision function using only a single-view image, language prompt, and robot configuration. LACO predicts collisions between the robot and the environment, enabling flexible, conditional path planning without the need for manual object annotations, point cloud data, or ground-truth object meshes. In both simulati",2023,arXiv,Amber Xie; Youngwoon Lee; Pieter Abbeel; Stephen James,,2308.16893v1,http://arxiv.org/abs/2308.16893v1,arxiv,large language model limitation robot planning,anti_myopia,anti_thesis,,,limitation; large language model limitation robot planning,2026-06-12T15:07:36Z,17.050,21.050
doi:10.15607/rss.2021.xvii.047,Language Conditioned Imitation Learning Over Unstructured Data,,2021,Robotics: Science and Systems XVII,Corey Lynch*; Pierre Sermanet*,10.15607/rss.2021.xvii.047,,https://doi.org/10.15607/rss.2021.xvii.047,crossref,vision language action model limitation robotics,hostile,failure,,78,vision language action model; imitation learning; limitation,2026-06-12T15:07:36Z,15.985,20.985
arxiv:2508.10333v1,ReconVLA: Reconstructive Vision-Language-Action Model as Effective Robot Perceiver,"Recent advances in Vision-Language-Action (VLA) models have enabled robotic agents to integrate multimodal understanding with action execution. However, our empirical analysis reveals that current VLAs struggle to allocate visual attention to target regions. Instead, visual attention is always dispersed. To guide the visual attention grounding on the correct target, we propose ReconVLA, a reconstructive VLA model with an implicit grounding paradigm. Conditioned on the model's visual outputs, a diffusion transformer aims to reconstruct the gaze region of the image, which corresponds to the target manipulated objects. This process prompts the VLA model to learn fine-grained representations and accurately allocate visual attention, thus effectively leveraging task-specific visual information and conducting precise manipulation. Moreover, we curate a large-scale pretraining dataset comprisin",2025,arXiv,Wenxuan Song; Ziyang Zhou; Han Zhao; Jiayi Chen; Pengxiang Ding; Haodong Yan; Yuxin Huang; Feilong Tang; Donglin Wang; Haoang Li,,2508.10333v1,http://arxiv.org/abs/2508.10333v1,arxiv,vision language action model limitation robotics,hostile,failure,,,vision language action model; limitation; generalization,2026-06-12T14:45:03Z,14.850,20.850
arxiv:2112.03227v4,CALVIN: A Benchmark for Language-Conditioned Policy Learning for Long-Horizon Robot Manipulation Tasks,"General-purpose robots coexisting with humans in their environment must learn to relate human language to their perceptions and actions to be useful in a range of daily tasks. Moreover, they need to acquire a diverse repertoire of general-purpose skills that allow composing long-horizon tasks by following unconstrained language instructions. In this paper, we present CALVIN (Composing Actions from Language and Vision), an open-source simulated benchmark to learn long-horizon language-conditioned tasks. Our aim is to make it possible to develop agents that can solve many robotic manipulation tasks over a long horizon, from onboard sensors, and specified only via human language. CALVIN tasks are more complex in terms of sequence length, action space, and language than existing vision-and-language task datasets and supports flexible specification of sensor suites. We evaluate the agents in ",2021,arXiv,Oier Mees; Lukas Hermann; Erick Rosete-Beas; Wolfram Burgard,,2112.03227v4,http://arxiv.org/abs/2112.03227v4,arxiv,vision language action model limitation robotics,hostile,failure,,,vision language action model; robot manipulation; imitation learning; limitation; benchmark; long horizon,2026-06-12T14:45:03Z,14.700,20.700
doi:10.1609/aaai.v40i22.38882,STOLA: Self-Adaptive Touch-Language Framework for Tactile Commonsense Reasoning in Open-Ended Scenarios,"This paper explores the challenges of integrating tactile sensing into intelligent systems for multimodal reasoning, particularly in enabling commonsense reasoning about the open-ended physical world. We identify two key challenges: modality discrepancy, where existing touch-language models often treat touch as a mere sub-modality of language without further addressing the semantic differences, and open-ended tactile data scarcity, where current datasets lack the diversity, open-endedness, and complexity needed for reasoning. To overcome these challenges, we introduce SToLa, a Self-Adaptive Touch-Language framework. SToLa utilizes Mixture of Experts (MoE) to dynamically process, unify, and manage tactile and language modalities, capturing their unique characteristics. Crucially, we also present a comprehensive tactile commonsense reasoning dataset and benchmark featuring free-form questi",2026,Proceedings of the AAAI Conference on Artificial Intelligence,Ning Cheng; Jinan Xu; Jialing Chen; Bin Fang; Wenjuan Han,10.1609/aaai.v40i22.38882,,https://doi.org/10.1609/aaai.v40i22.38882,crossref,tactile language action robotics,concept,tactile,,,benchmark,2026-06-12T15:07:36Z,19.650,20.650
doi:10.20944/preprints202601.0910.v1,State Drift in Language-Conditioned Autonomous Agents: A Failure Mode of Long-Horizon Reasoning,"Language-conditioned autonomous agents rely on natural language to represent internal state, reason about goals, and select actions. Despite recent advances in reasoning and planning, such agents remain unreliable in long-horizon tasks. In this work, we identify state drift as a fundamental and underexplored failure mode, characterized by persistent divergence between an agent’s internal textual state and the true environment state over time. We study state drift through controlled experiments with language-driven agents operating in long-horizon settings. By comparing fact-level internal belief representations against ground-truth environment states across sequential interactions, we show that state drift can arise and persist even when individual reasoning steps are locally coherent and logically valid. This indicates that long-horizon failures cannot be explained solely by step-wise r",,,Sameer Kumar Singh,10.20944/preprints202601.0910.v1,,https://doi.org/10.20944/preprints202601.0910.v1,crossref,robot foundation model failure mode,hostile,failure,,,robot foundation model; failure mode; limitation; long horizon,2026-06-12T15:07:36Z,15.650,20.650
doi:10.1609/aaai.v40i22.38921,ReconVLA: Reconstructive Vision-Language-Action Model as Effective Robot Perceiver,"Recent advances in Vision-Language-Action (VLA) models have enabled robotic agents to integrate multimodal understanding with action execution. However, our empirical analysis reveals that current VLAs struggle to allocate visual attention to target regions. Instead, visual attention is always dispersed. To guide the visual attention grounding on the correct target, we propose ReconVLA, a reconstructive VLA model with an implicit grounding paradigm. Conditioned on the model's visual outputs, a diffusion transformer aims to reconstruct the gaze region of the image, which corresponds to the target manipulated objects. This process prompts the VLA model to learn fine-grained representations and accurately allocate visual attention, thus effectively leveraging task-specific visual information and conducting precise manipulation. Moreover, we curate a large-scale pretraining dataset comprisin",2026,Proceedings of the AAAI Conference on Artificial Intelligence,Wenxuan Song; Ziyang Zhou; Han Zhao; Jiayi Chen; Pengxiang Ding; Haodong Yan; Yuxin Huang; Feilong Tang; Donglin Wang; Haoang Li,10.1609/aaai.v40i22.38921,,https://doi.org/10.1609/aaai.v40i22.38921,crossref,vision language action model limitation robotics,hostile,failure,,,vision language action model; limitation; generalization,2026-06-12T14:45:03Z,14.650,20.650
doi:10.1609/aaai.v40i29.39677,Continuous Vision-Language-Action Co-Learning with Semantic-Physical Alignment for Behavioral Cloning,"Language-Conditioned Manipulation (LCM) facilitates human-robot interaction via Behavioral Cloning (BC), which learns control policies from human demonstrations and serves as a cornerstone of embodied AI. Overcoming compounding errors in sequential action decisions remains a central challenge to improving BC performance. Existing approaches mitigate compounding errors through data augmentation, expressive representation, or temporal abstraction. However, they suffer from physical discontinuities and semantic-physical misalignment, leading to inaccurate action cloning and intermittent execution. In this paper, we present Continuous vision-language-action Co-Learning with Semantic-Physical Alignment (CCoL), a novel BC framework that ensures temporally consistent execution and fine-grained semantic grounding. It generates robust and smooth action execution trajectories through continuous co",2026,Proceedings of the AAAI Conference on Artificial Intelligence,Xiuxiu Qi; Yu Yang; Jiannong Cao; Luyao Bai; Chongshan Fan; Chengtai Cao; Hongpeng Wang,10.1609/aaai.v40i29.39677,,https://doi.org/10.1609/aaai.v40i29.39677,crossref,vision language action model limitation robotics,hostile,failure,,,vision language action model; human demonstration; human robot interaction; limitation; generalization,2026-06-12T15:07:36Z,14.650,20.650
doi:10.1109/cvpr52734.2025.02303,MIMO: A medical vision language model with visual referring multimodal input and pixel grounding multimodal output,,2025,2025 IEEE/CVF Conference on Computer Vision and Pattern Recognition (CVPR),Yanyuan Chen; Dexuan Xu; Yu Huang; Songkun Zhan; Hanpin Wang; Dongxue Chen; Xueping Wang; Meikang Qiu; Hang Li,10.1109/cvpr52734.2025.02303,,https://doi.org/10.1109/cvpr52734.2025.02303,crossref,vision language action model limitation robotics,hostile,failure,,7,vision language action model; limitation,2026-06-12T15:07:36Z,15.640,20.640
arxiv:2511.17889v1,MobileVLA-R1: Reinforcing Vision-Language-Action for Mobile Robots,"Grounding natural-language instructions into continuous control for quadruped robots remains a fundamental challenge in vision language action. Existing methods struggle to bridge high-level semantic reasoning and low-level actuation, leading to unstable grounding and weak generalization in the real world. To address these issues, we present MobileVLA-R1, a unified vision-language-action framework that enables explicit reasoning and continuous control for quadruped robots. We construct MobileVLA-CoT, a large-scale dataset of multi-granularity chain-of-thought (CoT) for embodied trajectories, providing structured reasoning supervision for alignment. Built upon this foundation, we introduce a two-stage training paradigm that combines supervised CoT alignment with GRPO reinforcement learning to enhance reasoning consistency, control stability, and long-horizon execution. Extensive evaluatio",2025,arXiv,Ting Huang; Dongjian Li; Rui Yang; Zeyu Zhang; Zida Yang; Hao Tang,,2511.17889v1,http://arxiv.org/abs/2511.17889v1,arxiv,vision language action model limitation robotics,hostile,failure,,,vision language action model; limitation; generalization; deployment; long horizon,2026-06-12T14:45:03Z,12.500,20.500
arxiv:2510.19655v2,LaViRA: Language-Vision-Robot Actions Translation for Zero-Shot Vision Language Navigation in Continuous Environments,"LaViRA: Zero-shot Vision-and-Language Navigation in Continuous Environments (VLN-CE) requires an agent to navigate unseen environments based on natural language instructions without any prior training. Current methods face a critical trade-off: either rely on environment-specific waypoint predictors that limit scene generalization, or underutilize the reasoning capabilities of large models during navigation. We introduce LaViRA, a simple yet effective zero-shot framework that addresses this dilemma by decomposing action into a coarse-to-fine hierarchy: Language Action for high-level planning, Vision Action for middle-level perceptual grounding, and Robot Action for low-level control. This modular decomposition allows us to leverage the distinct strengths of different scales of Multimodal Large Language Models (MLLMs) at each stage, creating a system that is powerful in its reasoning, gro",2025,arXiv,Hongyu Ding; Ziming Xu; Yudong Fang; You Wu; Zixuan Chen; Jieqi Shi; Jing Huo; Yifan Zhang; Yang Gao,,2510.19655v2,http://arxiv.org/abs/2510.19655v2,arxiv,vision language action model limitation robotics,hostile,failure,,,vision language action model; limitation; benchmark; generalization; deployment,2026-06-12T14:45:03Z,12.500,20.500
arxiv:2601.15197v7,LangForce: Bayesian Decomposition of Vision Language Action Models via Latent Action Queries,"Vision-Language-Action (VLA) models have shown promise in robot manipulation but often struggle to generalize to new instructions or complex multi-task scenarios. We identify a critical pathology in current training paradigms where goal-driven data collection creates a dataset bias. In such datasets, language instructions are highly predictable from visual observations alone, causing the conditional mutual information between instructions and actions to vanish, a phenomenon we term Information Collapse. Consequently, models degenerate into vision-only policies that ignore language constraints and fail in out-of-distribution (OOD) settings. To address this, we propose LangForce, a novel framework that enforces instruction following via Bayesian decomposition. By introducing learnable Latent Action Queries, we construct a dual-branch architecture to estimate both a vision-only prior $p(a \",2026,arXiv,Shijie Lian; Bin Yu; Xiaopeng Lin; Laurence T. Yang; Zhaolong Shen; Changti Wu; Yuzhuo Miao; Cong Huang; Kai Chen,,2601.15197v7,http://arxiv.org/abs/2601.15197v7,arxiv,vision language action model limitation robotics,hostile,failure,,,vision language action model; robot manipulation; limitation; benchmark; generalization; out of distribution,2026-06-12T14:45:03Z,12.500,20.500
doi:10.1109/wacv61041.2025.00782,Learning Visual Grounding from Generative Vision and Language Model,,2025,2025 IEEE/CVF Winter Conference on Applications of Computer Vision (WACV),Shijie Wang; Dahun Kim; Ali Taalimi; Chen Sun; Weicheng Kuo,10.1109/wacv61041.2025.00782,,https://doi.org/10.1109/wacv61041.2025.00782,crossref,vision language action model limitation robotics,hostile,failure,,5,vision language action model; limitation,2026-06-12T15:07:36Z,15.496,20.496
arxiv:2512.02161v1,FineGRAIN: Evaluating Failure Modes of Text-to-Image Models with Vision Language Model Judges,"Text-to-image (T2I) models are capable of generating visually impressive images, yet they often fail to accurately capture specific attributes in user prompts, such as the correct number of objects with the specified colors. The diversity of such errors underscores the need for a hierarchical evaluation framework that can compare prompt adherence abilities of different image generation models. Simultaneously, benchmarks of vision language models (VLMs) have not kept pace with the complexity of scenes that VLMs are used to annotate. In this work, we propose a structured methodology for jointly evaluating T2I models and VLMs by testing whether VLMs can identify 27 specific failure modes in the images generated by T2I models conditioned on challenging prompts. Our second contribution is a dataset of prompts and images generated by 5 T2I models (Flux, SD3-Medium, SD3-Large, SD3.5-Medium, SD3",2025,arXiv,Kevin David Hayes; Micah Goldblum; Vikash Sehwag; Gowthami Somepalli; Ashwinee Panda; Tom Goldstein,,2512.02161v1,http://arxiv.org/abs/2512.02161v1,arxiv,vision language action model failure,anti_myopia,anti_thesis,,,vision language action model; failure mode; benchmark; vision language action model failure,2026-06-12T15:07:36Z,14.450,20.450
doi:10.1109/cvpr52734.2025.00872,Your Large Vision-Language Model Only Needs A Few Attention Heads For Visual Grounding,,2025,2025 IEEE/CVF Conference on Computer Vision and Pattern Recognition (CVPR),Seil Kang; Jinyeong Kim; Junhyeok Kim; Seong Jae Hwang,10.1109/cvpr52734.2025.00872,,https://doi.org/10.1109/cvpr52734.2025.00872,crossref,vision language action model limitation robotics,hostile,failure,,4,vision language action model; limitation,2026-06-12T15:07:36Z,15.405,20.405
doi:10.1109/cvpr52734.2025.01356,What’s in the Imageƒ A Deep-Dive into the Vision of Vision Language Models,,2025,2025 IEEE/CVF Conference on Computer Vision and Pattern Recognition (CVPR),Omri Kaduri; Shai Bagon; Tali Dekel,10.1109/cvpr52734.2025.01356,,https://doi.org/10.1109/cvpr52734.2025.01356,crossref,vision language action model limitation robotics,hostile,failure,,4,vision language action model; limitation,2026-06-12T15:07:36Z,15.405,20.405
arxiv:2411.19103v1,VARCO-VISION: Expanding Frontiers in Korean Vision-Language Models,"In this paper, we introduce an open-source Korean-English vision-language model (VLM), VARCO-VISION. We incorporate a step-by-step training strategy that allows a model learn both linguistic and visual information while preserving the backbone model's knowledge. Our model demonstrates outstanding performance in diverse settings requiring bilingual image-text understanding and generation abilities compared to models of similar size. VARCO-VISION is also capable of grounding, referring, and OCR, expanding its usage and potential applications for real-world scenarios. In addition to the model, we release five Korean evaluation datasets, including four closed-set and one openset benchmarks. We anticipate that our milestone will broaden the opportunities for AI researchers aiming to train VLMs. VARCO-VISION is available at https://huggingface.co/NCSOFT/VARCO-VISION-14B.",2024,arXiv,Jeongho Ju; Daeyoung Kim; SunYoung Park; Youngjune Kim,,2411.19103v1,http://arxiv.org/abs/2411.19103v1,arxiv,vision language action model limitation robotics,hostile,failure,,,vision language action model; limitation; benchmark,2026-06-12T14:45:03Z,12.300,20.300
doi:10.1145/3701716.3717565,CubeRobot: Grounding Language in Rubik's Cube Manipulation via Vision-Language Model,,2025,Companion Proceedings of the ACM on Web Conference 2025,Feiyang Wang; Xiaomin Yu; Wangyu Wu,10.1145/3701716.3717565,,https://doi.org/10.1145/3701716.3717565,crossref,vision language action model limitation robotics,hostile,failure,,3,vision language action model; limitation,2026-06-12T15:07:36Z,15.293,20.293
doi:10.18653/v1/2025.naacl-long.89,VividMed: Vision Language Model with Versatile Visual Grounding for Medicine,,2025,Proceedings of the 2025 Conference of the Nations of the Americas Chapter of the Association for Computational Linguistics: Human Language Technologies (Volume 1: Long Papers),Lingxiao Luo; Bingda Tang; Xuanzhong Chen; Rong Han; Ting Chen,10.18653/v1/2025.naacl-long.89,,https://doi.org/10.18653/v1/2025.naacl-long.89,crossref,vision language action model limitation robotics,hostile,failure,,3,vision language action model; limitation,2026-06-12T15:07:36Z,15.293,20.293
doi:10.36227/techrxiv.175021940.06537275/v1,Large Language Model Evaluation in 2025: Smarter Metrics That Separate Hype from Trust,"As Large Language Models (LLMs) increasingly power enterprise systems, healthcare tools, legal summarizers, and decision-support systems, the question of how to evaluate them has never been more urgent-or more complex. Traditional metrics such as BLEU and ROUGE, while still useful, fail to capture the full landscape of performance, trustworthiness, safety, and operational viability required in modern deployments. This paper presents a practitioner-focused guide to LLM evaluation as of June 2025, emphasizing both foundational and emerging metrics across seven critical dimensions: accuracy, efficiency, safety, fairness, explainability, compliance, and knowledge grounding. We argue that multidimensional evaluation is no longer optional-it is central to model selection, auditing, and long-term AI governance. The paper consolidates the Top 15 most relevant metrics today, explains their contex",,,Anil Kumar Shukla,10.36227/techrxiv.175021940.06537275/v1,,https://doi.org/10.36227/techrxiv.175021940.06537275/v1,crossref,large language model limitation robot planning,anti_myopia,anti_thesis,,,limitation; benchmark; robustness; deployment; large language model limitation robot planning,2026-06-12T15:07:36Z,12.250,20.250
doi:10.1109/icra57147.2024.10611232,Grounding Conversational Robots on Vision Through Dense Captioning and Large Language Models,,2024,2024 IEEE International Conference on Robotics and Automation (ICRA),Lucrezia Grassi; Zhouyang Hong; Carmine Tommaso Recchiuto; Antonio Sgorbissa,10.1109/icra57147.2024.10611232,,https://doi.org/10.1109/icra57147.2024.10611232,crossref,vision language action model limitation robotics,hostile,failure,,4,vision language action model; limitation,2026-06-12T15:07:36Z,15.205,20.205
arxiv:2510.24055v1,Language-Conditioned Representations and Mixture-of-Experts Policy for Robust Multi-Task Robotic Manipulation,"Perceptual ambiguity and task conflict limit multitask robotic manipulation via imitation learning. We propose a framework combining a Language-Conditioned Visual Representation (LCVR) module and a Language-conditioned Mixture-ofExperts Density Policy (LMoE-DP). LCVR resolves perceptual ambiguities by grounding visual features with language instructions, enabling differentiation between visually similar tasks. To mitigate task conflict, LMoE-DP uses a sparse expert architecture to specialize in distinct, multimodal action distributions, stabilized by gradient modulation. On real-robot benchmarks, LCVR boosts Action Chunking with Transformers (ACT) and Diffusion Policy (DP) success rates by 33.75% and 25%, respectively. The full framework achieves a 79% average success, outperforming the advanced baseline by 21%. Our work shows that combining semantic grounding and expert specialization e",2025,arXiv,Xiucheng Zhang; Yang Jiang; Hongwei Qing; Jiashuo Bai,,2510.24055v1,http://arxiv.org/abs/2510.24055v1,arxiv,diffusion policy robot manipulation,concept,diffusion,,,diffusion policy; robot manipulation; imitation learning; benchmark,2026-06-12T14:45:03Z,19.200,20.200
doi:10.1109/icra55743.2025.11127275,Ground-Level Viewpoint Vision-and-Language Navigation in Continuous Environments,,2025,2025 IEEE International Conference on Robotics and Automation (ICRA),Zerui Li; Gengze Zhou; Haodong Hong; Yanyan Shao; Wenqi Lyu; Yanyuan Qiao; Qi Wu,10.1109/icra55743.2025.11127275,,https://doi.org/10.1109/icra55743.2025.11127275,crossref,vision language action model limitation robotics,hostile,failure,,2,vision language action model; limitation,2026-06-12T15:07:36Z,15.149,20.149
doi:10.18653/v1/2025.findings-acl.501,R-VLM: Region-Aware Vision Language Model for Precise GUI Grounding,,2025,Findings of the Association for Computational Linguistics: ACL 2025,Joonhyung Park; Peng Tang; Sagnik Das; Srikar Appalaraju; Kunwar Yashraj Singh; R. Manmatha; Shabnam Ghadar,10.18653/v1/2025.findings-acl.501,,https://doi.org/10.18653/v1/2025.findings-acl.501,crossref,vision language action model limitation robotics,hostile,failure,,2,vision language action model; limitation,2026-06-12T15:07:36Z,15.149,20.149
arxiv:2307.06135v2,SayPlan: Grounding Large Language Models using 3D Scene Graphs for Scalable Robot Task Planning,"Large language models (LLMs) have demonstrated impressive results in developing generalist planning agents for diverse tasks. However, grounding these plans in expansive, multi-floor, and multi-room environments presents a significant challenge for robotics. We introduce SayPlan, a scalable approach to LLM-based, large-scale task planning for robotics using 3D scene graph (3DSG) representations. To ensure the scalability of our approach, we: (1) exploit the hierarchical nature of 3DSGs to allow LLMs to conduct a 'semantic search' for task-relevant subgraphs from a smaller, collapsed representation of the full graph; (2) reduce the planning horizon for the LLM by integrating a classical path planner and (3) introduce an 'iterative replanning' pipeline that refines the initial plan using feedback from a scene graph simulator, correcting infeasible actions and avoiding planning failures. We",2023,arXiv,Krishan Rana; Jesse Haviland; Sourav Garg; Jad Abou-Chakra; Ian Reid; Niko Suenderhauf,,2307.06135v2,http://arxiv.org/abs/2307.06135v2,arxiv,robot world model failure planning,hostile,failure,,,robot world model; long horizon; robot world model failure,2026-06-12T14:45:03Z,15.100,20.100
doi:10.1109/lra.2024.3491428,DLO Perceiver: Grounding Large Language Model for Deformable Linear Objects Perception,,2024,IEEE Robotics and Automation Letters,Alessio Caporali; Kevin Galassi; Gianluca Palli,10.1109/lra.2024.3491428,,https://doi.org/10.1109/lra.2024.3491428,crossref,vision language action model limitation robotics,hostile,failure,,3,vision language action model; limitation,2026-06-12T15:07:36Z,15.093,20.093
doi:10.1109/iccvw60793.2023.00037,ClipCrop: Conditioned Cropping Driven by Vision-Language Model,,2023,2023 IEEE/CVF International Conference on Computer Vision Workshops (ICCVW),Zhihang Zhong; Mingxi Cheng; Zhirong Wu; Yuhui Yuan; Yinqiang Zheng; Ji Li; Han Hu; Stephen Lin; Yoichi Sato; Imari Sato,10.1109/iccvw60793.2023.00037,,https://doi.org/10.1109/iccvw60793.2023.00037,crossref,vision language action model limitation robotics,hostile,failure,,4,vision language action model; limitation,2026-06-12T15:07:36Z,15.005,20.005
doi:10.1016/j.rcim.2025.103152,VTLG: A vision-tactile-language grasp generation method oriented towards task,,2026,Robotics and Computer-Integrated Manufacturing,Tong Li; Chengshun Yu; Yuhang Yan; Di Song; Yuxin Shuai; Yifan Wang; Gang Chen,10.1016/j.rcim.2025.103152,,https://doi.org/10.1016/j.rcim.2025.103152,crossref,vision language action model limitation robotics,hostile,failure,,1,vision language action model; limitation,2026-06-12T14:45:03Z,14.947,19.947
doi:10.1109/iccv51701.2025.02471,LangTraj: Diffusion Model and Dataset for Language-Conditioned Trajectory Simulation,,2025,2025 IEEE/CVF International Conference on Computer Vision (ICCV),Wei-Jer Chang; Wei Zhan; Masayoshi Tomizuka; Manmohan Chandraker; Francesco Pittaluga,10.1109/iccv51701.2025.02471,,https://doi.org/10.1109/iccv51701.2025.02471,crossref,vision language action model limitation robotics,hostile,failure,,1,vision language action model; limitation,2026-06-12T15:07:36Z,14.947,19.947
doi:10.1145/3746027.3755299,A Satellite-Ground Synergistic Large Vision-Language Model System for Earth Observation,,2025,Proceedings of the 33rd ACM International Conference on Multimedia,Yuxin Zhang; Jiahao Yang; Zhe Chen; Wenjun Zhu; Jin Zhao; Yue Gao,10.1145/3746027.3755299,,https://doi.org/10.1145/3746027.3755299,crossref,vision language action model limitation robotics,hostile,failure,,1,vision language action model; limitation,2026-06-12T15:07:36Z,14.947,19.947
doi:10.3390/drones9120875,From Prompts to Paths: Large Language Models for Zero-Shot Planning in Unmanned Ground Vehicle Simulation,"This paper explores the capability of Large Language Models (LLMs) to perform zero-shot planning through multimodal reasoning, with a particular emphasis on applications to Unmanned Ground Vehicles (UGVs) and unmanned platforms in general. We present a modular system architecture that integrates a general-purpose LLM with visual and spatial inputs for adaptive planning to iteratively guide UGV behavior. Although the framework is demonstrated in a ground-based setting, it directly extends to other unmanned systems, where semantic reasoning and adaptive planning are increasingly critical for autonomous mission execution. To assess performance, we employ a continuous evaluation metric that jointly considers distance and orientation, offering a more informative and fine-grained alternative to binary success measures. We evaluate a foundational LLM (i.e., Gemini 2.0 Flash, Google DeepMind) on",2025,Drones,Kelvin Olaiya; Giovanni Delnevo; Chan-Tong Lam; Giovanni Pau; Paola Salomoni,10.3390/drones9120875,,https://doi.org/10.3390/drones9120875,crossref,large language model limitation robot planning,anti_myopia,anti_thesis,,,limitation; large language model limitation robot planning,2026-06-12T15:07:36Z,14.900,19.900
doi:10.1109/robot.2009.5152776,What to do and how to do it: Translating natural language directives into temporal and dynamic logic representation for goal management and action execution,,2009,2009 IEEE International Conference on Robotics and Automation,J. Dzifcak; M. Scheutz; C. Baral; P. Schermerhorn,10.1109/robot.2009.5152776,,https://doi.org/10.1109/robot.2009.5152776,crossref,vision language action model limitation robotics,hostile,failure,,97,vision language action model; limitation,2026-06-12T15:07:36Z,14.892,19.892
arxiv:2511.22904v1,Language-conditioned world model improves policy generalization by reading environmental descriptions,"To interact effectively with humans in the real world, it is important for agents to understand language that describes the dynamics of the environment--that is, how the environment behaves--rather than just task instructions specifying ""what to do"". Understanding this dynamics-descriptive language is important for human-agent interaction and agent behavior. Recent work address this problem using a model-based approach: language is incorporated into a world model, which is then used to learn a behavior policy. However, these existing methods either do not demonstrate policy generalization to unseen games or rely on limiting assumptions. For instance, assuming that the latency induced by inference-time planning is tolerable for the target task or expert demonstrations are available. Expanding on this line of research, we focus on improving policy generalization from a language-conditioned",2025,arXiv,Anh Nguyen; Stefan Lee,,2511.22904v1,http://arxiv.org/abs/2511.22904v1,arxiv,robot world models manipulation,concept,world_models,,,robot world model; generalization; deployment; latency,2026-06-12T14:45:03Z,16.850,19.850
arxiv:2603.15265v1,MoE-ACT: Scaling Multi-Task Bimanual Manipulation with Sparse Language-Conditioned Mixture-of-Experts Transformers,"The ability of robots to handle multiple tasks under a unified policy is critical for deploying embodied intelligence in real-world household and industrial applications. However, out-of-distribution variation across tasks often causes severe task interference and negative transfer when training general robotic policies. To address this challenge, we propose a lightweight multi-task imitation learning framework for bimanual manipulation, termed Mixture-of-Experts-Enhanced Action Chunking Transformer (MoE-ACT), which integrates sparse Mixture-of-Experts (MoE) modules into the Transformer encoder of ACT. The MoE layer decomposes a unified task policy into independently invoked expert components. Through adaptive activation, it naturally decouples multi-task action distributions in latent space. During decoding, Feature-wise Linear Modulation (FiLM) dynamically modulates action tokens to im",2026,arXiv,Kangjun Guo; Haichao Liu; Yanji Sun; Ruhan Zhao; Jinni Zhou; Jun Ma,,2603.15265v1,http://arxiv.org/abs/2603.15265v1,arxiv,EBM transformer robotics bimanual manipulation,concept,architecture_x_embodiment,,,EBM transformer robotics; bimanual manipulation; imitation learning; generalization; out of distribution; robustness,2026-06-12T15:07:36Z,13.800,19.800
doi:10.1016/j.tics.2023.08.006,What are large language models supposed to model?,,2023,Trends in Cognitive Sciences,Idan A. Blank,10.1016/j.tics.2023.08.006,,https://doi.org/10.1016/j.tics.2023.08.006,crossref,large language model limitation robot planning,anti_myopia,anti_thesis,,49,limitation; large language model limitation robot planning,2026-06-12T15:07:36Z,15.756,19.756
doi:10.1109/iros58592.2024.10801766,Visuo-Tactile Zero-Shot Object Recognition with Vision-Language Model,,2024,2024 IEEE/RSJ International Conference on Intelligent Robots and Systems (IROS),Shiori Ueda; Atsushi Hashimoto; Masashi Hamaya; Kazutoshi Tanaka; Hideo Saito,10.1109/iros58592.2024.10801766,,https://doi.org/10.1109/iros58592.2024.10801766,crossref,vision language action model limitation robotics,hostile,failure,,1,vision language action model; limitation,2026-06-12T15:07:36Z,14.747,19.747
doi:10.30687/979-12-5742-007-9/008,Depiction Beyond Hand Touch in an Interpreter-Mediated Setting Using Tactile Norwegian Sign Language,"This paper presents data from Tactile Norwegian Sign Language (TNTS) focusing on signs that are realized on the body of the deafblind person (‘tactile sign language haptices’). It answers the question of how depiction can be expressed on the body of a deafblind person beyond hand touch in an interpreter-mediated setting with a goal that is two-fold: i) provide a classification of TNTS haptices and their interaction with depiction; ii) present the case study of the TNTS haptice blow realized on the body of the deafblind person not through touch, but through air vibration in a flow of air out of the interpreter’s mouth.",2026,The Integration of Social-Haptic Communication in Deafblind Interpreting and Educational Settings,Giorgia Zorzi; Eli Raanes; Johanna Mesch; Gro Hege Saltnes Urdal,10.30687/979-12-5742-007-9/008,,https://doi.org/10.30687/979-12-5742-007-9/008,crossref,tactile language action robotics,concept,tactile,,,,2026-06-12T15:07:36Z,19.650,19.650
doi:10.1108/ecam-07-2025-1133,Vision language model (VLM)-enabled street view analytics: a systematic literature review,"Purpose Street view analytics (SVA) is an emerging field focusing on the systematic analysis of street-level imagery to understand urban environments, which has rapidly advanced with the advent of vision language models (VLMs). Despite the significant advancements, a critical review of the applications of VLMs for SVA is lacking. This paper aims to fill this gap by providing a comprehensive literature review on VLM-enabled SVA. Design/methodology/approach This study adopts a Preferred Reporting Items for Systematic Reviews and Meta-Analyses-guided systematic literature review. After keyword retrieval, literature collection, thematic screening and a five-domain quality assessment (data representativeness, ground truth validity, model design and/or analytic rigor, validation and/or generalization and reporting and/or reproducibility), 69 VLM-enabled SVA studies (2020–2025) were selected. F",2025,"Engineering, Construction and Architectural Management",Ziyu Peng; Weisheng Lu; Hongda An; Xianhua Xia; Yi Zhang; Fan Xue; Junjie Chen,10.1108/ecam-07-2025-1133,,https://doi.org/10.1108/ecam-07-2025-1133,crossref,vision language action model limitation robotics,hostile,failure,,1,vision language action model; limitation; generalization; robustness; reproducibility,2026-06-12T15:07:36Z,12.647,19.647
doi:10.32388/vlxb6m,LLaVA-MR: Large Language-and-Vision Assistant for Video Moment Retrieval,"Multimodal Large Language Models (MLLMs) are widely used for visual perception, understanding, and reasoning. However, long video processing and precise moment retrieval remain challenging due to LLMs’ limited context size and coarse frame extraction. We propose the Large Language-and-Vision Assistant for Moment Retrieval (LLaVA-MR), which enables accurate moment retrieval and contextual grounding in videos using MLLMs. LLaVA-MR combines Dense Frame and Time Encoding (DFTE) for spatial-temporal feature extraction, Informative Frame Selection (IFS) for capturing brief visual and motion patterns, and Dynamic Token Compression (DTC) to manage LLM context limitations. Evaluations on benchmarks like Charades-STA and QVHighlights demonstrate that LLaVA-MR outperforms 11 state-of-the-art methods, achieving an improvement of 1.82% in R1@0.5 and 1.29% in mAP@0.5 on the QVHighlights dataset. Our i",,,Jian Li,10.32388/vlxb6m,,https://doi.org/10.32388/vlxb6m,crossref,vision language action model limitation robotics,hostile,failure,,106,vision language action model; limitation; benchmark,2026-06-12T15:07:36Z,12.636,19.636
doi:10.15607/rss.2025.xxi.058,Demonstrating the Octopi-1.5 Visual-Tactile-Language Model,,2025,Robotics: Science and Systems XXI,Samson Yu; Lin Kelvin; Harold Soh,10.15607/rss.2025.xxi.058,,https://doi.org/10.15607/rss.2025.xxi.058,crossref,vision language action model limitation robotics,hostile,failure,,,vision language action model; limitation,2026-06-12T14:45:03Z,14.600,19.600
doi:10.1109/southeastcon63549.2026.11476074,From Language to Action: Small Language Model—Driven Humanoid Control with Visual Grounding Under the Model Context Protocol,,2026,SoutheastCon 2026,Rhimesh Lwagun; John Yare; Justin Lukose; Olasubomi Rufai; Justin Thomas; Yan Fang,10.1109/southeastcon63549.2026.11476074,,https://doi.org/10.1109/southeastcon63549.2026.11476074,crossref,vision language action model limitation robotics,hostile,failure,,,vision language action model; limitation,2026-06-12T14:45:03Z,14.600,19.600
doi:10.1109/wacv61042.2026.00368,Frequency Is What You Need: Considering Word Frequency When Text Masking Benefits Vision-Language Model Pre-training,,2026,2026 IEEE/CVF Winter Conference on Applications of Computer Vision (WACV),Mingliang Liang; Martha Larson,10.1109/wacv61042.2026.00368,,https://doi.org/10.1109/wacv61042.2026.00368,crossref,vision language action model limitation robotics,hostile,failure,,,vision language action model; limitation,2026-06-12T15:07:36Z,14.600,19.600
doi:10.1007/978-981-96-1614-5_11,Hierarchical Language-Conditioned Robot Learning with Vision-Language Models,,2025,Communications in Computer and Information Science Intelligent Robotics,Jingyao Tang; Baoping Cheng; Gang Zhang; Mingtong Wen; Jingxi Hu,10.1007/978-981-96-1614-5_11,,https://doi.org/10.1007/978-981-96-1614-5_11,crossref,vision language action model limitation robotics,hostile,failure,,,vision language action model; limitation,2026-06-12T15:07:36Z,14.600,19.600
doi:10.18653/v1/2025.findings-emnlp.635,Do What? Teaching Vision-Language-Action Models to Reject the Impossible,,2025,Findings of the Association for Computational Linguistics: EMNLP 2025,Wen-Han Hsieh; Elvis Hsieh; Dantong Niu; Trevor Darrell; Roei Herzig; David M. Chan,10.18653/v1/2025.findings-emnlp.635,,https://doi.org/10.18653/v1/2025.findings-emnlp.635,crossref,vision language action model limitation robotics,hostile,failure,,,vision language action model; limitation,2026-06-12T15:07:36Z,14.600,19.600
doi:10.5040/9781350402201.0005,What Is Visual Language?,,2026,Speaking in Pictures,,10.5040/9781350402201.0005,,https://doi.org/10.5040/9781350402201.0005,crossref,vision language action model limitation robotics,hostile,failure,,,vision language action model; limitation,2026-06-12T15:07:36Z,14.600,19.600
doi:10.1016/j.imavis.2022.104451,Learning language to symbol and language to vision mapping for visual grounding,,2022,Image and Vision Computing,Su He; Xiaofeng Yang; Guosheng Lin,10.1016/j.imavis.2022.104451,,https://doi.org/10.1016/j.imavis.2022.104451,crossref,vision language action model limitation robotics,hostile,failure,,2,vision language action model; limitation,2026-06-12T15:07:36Z,14.549,19.549
doi:10.3390/sym18030394,PI-VLA: Adaptive Symmetry-Aware Decision-Making for Long-Horizon Vision–Language–Action Manipulation,"Vision–language–action (VLA) models often suffer from limited robustness in long-horizon manipulation tasks—where robots must execute extended sequences of actions over multiple time steps to achieve complex goals—due to their inability to explicitly exploit structural symmetries and to react adaptively when such symmetries are violated by environmental uncertainty. To address this limitation, this paper proposes PI-VLA, a symmetry-aware predictive and interactive VLA framework for robust robotic manipulation. PI-VLA is built upon three key symmetry-driven principles. First, a Cognitive–Motor Synergy (CMS) module jointly generates discrete and continuous action chunks together with predictive world-model features in a single forward pass, enforcing cross-modal action consistency as an implicit symmetry constraint across heterogeneous action representations. Second, a unified training obj",2026,Symmetry,Yina Jian; Di Tian; Xuan-Jing Chen; Zhen-Yuan Wei; Chen-Wei Liang; Mu-Jiang-Shan Wang,10.3390/sym18030394,,https://doi.org/10.3390/sym18030394,crossref,vision language action model limitation robotics,hostile,failure,,2,vision language action model; imitation learning; limitation; benchmark; robustness; ablation; long horizon,2026-06-12T15:07:36Z,10.499,19.499
doi:10.48550/arxiv.2211.09110,Holistic Evaluation of Language Models,"Language models (LMs) are becoming the foundation for almost all major language technologies, but their capabilities, limitations, and risks are not well understood. We present Holistic Evaluation of Language Models (HELM) to improve the transparency of language models. First, we taxonomize the vast space of potential scenarios (i.e. use cases) and metrics (i.e. desiderata) that are of interest for LMs. Then we select a broad subset based on coverage and feasibility, noting what's missing or underrepresented (e.g. question answering for neglected English dialects, metrics for trustworthiness). Second, we adopt a multi-metric approach: We measure 7 metrics (accuracy, calibration, robustness, fairness, bias, toxicity, and efficiency) for each of 16 core scenarios when possible (87.5% of the time). This ensures metrics beyond accuracy don't fall to the wayside, and that trade-offs are clear",2022,arXiv (Cornell University),Percy Liang; Rishi Bommasani; Tong Lee; Dimitris Tsipras; Dilara Soylu; Michihiro Yasunaga; Yian Zhang; Deepak Narayanan; Yuhuai Wu; Ananya Kumar; Benjamin T. Newman; Binhang Yuan; Bobby Yan; Ce Zhang; Christian Cosgrove; Christopher D. Manning; Christopher Ré; Diana Acosta-Navas; Drew A. Hudson; Eric Zelikman,10.48550/arxiv.2211.09110,,https://doi.org/10.48550/arxiv.2211.09110,openalex,energy based model robot learning,concept,ebm,,119,limitation; benchmark; robustness,2026-06-12T18:05:07Z,15.494,19.494
doi:10.2139/ssrn.4493398,Playing Games With GPT: What Can We Learn About a Large Language Model From Canonical Strategic Games?,,2023,SSRN Electronic Journal,Philip Brookins; Jason Matthew DeBacker,10.2139/ssrn.4493398,,https://doi.org/10.2139/ssrn.4493398,crossref,large language model limitation robot planning,anti_myopia,anti_thesis,,28,limitation; large language model limitation robot planning,2026-06-12T15:07:36Z,15.484,19.484
doi:10.1109/icra57147.2024.10611090,GG-LLM: Geometrically Grounding Large Language Models for Zero-shot Human Activity Forecasting in Human-Aware Task Planning,,2024,2024 IEEE International Conference on Robotics and Automation (ICRA),Moritz A. Graule; Volkan Isler,10.1109/icra57147.2024.10611090,,https://doi.org/10.1109/icra57147.2024.10611090,crossref,task and motion planning robotics,anti_myopia,classic,,13,motion planning; task and motion planning,2026-06-12T15:07:36Z,15.320,19.320
arxiv:2411.19650v1,CogACT: A Foundational Vision-Language-Action Model for Synergizing Cognition and Action in Robotic Manipulation,"The advancement of large Vision-Language-Action (VLA) models has significantly improved robotic manipulation in terms of language-guided task execution and generalization to unseen scenarios. While existing VLAs adapted from pretrained large Vision-Language-Models (VLM) have demonstrated promising generalizability, their task performance is still unsatisfactory as indicated by the low tasks success rates in different environments. In this paper, we present a new advanced VLA architecture derived from VLM. Unlike previous works that directly repurpose VLM for action prediction by simple action quantization, we propose a omponentized VLA architecture that has a specialized action module conditioned on VLM output. We systematically study the design of the action module and demonstrates the strong performance enhancement with diffusion action transformers for action sequence modeling, as wel",2024,arXiv,Qixiu Li; Yaobo Liang; Zeyu Wang; Lin Luo; Xi Chen; Mozheng Liao; Fangyun Wei; Yu Deng; Sicheng Xu; Yizhong Zhang; Xiaofan Wang; Bei Liu; Jianlong Fu; Jianmin Bao; Dong Chen; Yuanchun Shi; Jiaolong Yang; Baining Guo,,2411.19650v1,http://arxiv.org/abs/2411.19650v1,arxiv,vision language action model limitation robotics,hostile,failure,,,vision language action model; action transformer; limitation; generalization; ablation,2026-06-12T14:45:03Z,12.300,19.300
doi:10.1007/bf02481160,What is the best programming environment/language for teaching robotics using Lego Mindstorms?,,2003,Artificial Life and Robotics,A. J. Hirst; J. Johnson; M. Petre; B. A. Price; M. Richards,10.1007/bf02481160,,https://doi.org/10.1007/bf02481160,crossref,vision language action model limitation robotics,hostile,failure,,27,vision language action model; limitation,2026-06-12T15:07:36Z,14.266,19.266
doi:10.1145/3610978.3640752,What Should a Robot Do? Comparing Human and Large Language Model Recommendations for Robot Deception,,2024,Companion of the 2024 ACM/IEEE International Conference on Human-Robot Interaction,Kantwon Rogers; Reiden John Allen Webber; Geronimo Gorostiaga Zubizarreta; Arthur Melo Cruz; Shengkang Chen; Ronald C. Arkin; Jason Borenstein; Alan R. Wagner,10.1145/3610978.3640752,,https://doi.org/10.1145/3610978.3640752,crossref,robot foundation model failure mode,hostile,failure,,4,robot foundation model; failure mode,2026-06-12T15:07:36Z,15.205,19.205
doi:10.1002/rob.21512,A Self‐learning Framework for Statistical Ground Classification using Radar and Monocular Vision,"Reliable terrain analysis is a key requirement for a mobile robot to operate safely in challenging environments, such as in natural outdoor settings. In these contexts, conventional navigation systems that assume a priori knowledge of the terrain geometric properties, appearance properties, or both, would most likely fail, due to the high variability of the terrain characteristics and environmental conditions. In this paper, a self‐learning framework for ground detection and classification is introduced, where the terrain model is automatically initialized at the beginning of the vehicle's operation and progressively updated online. The proposed approach is of general applicability for a robot's perception purposes, and it can be implemented using a single sensor or combining different sensor modalities. In the context of this paper, two ground classification modules are presented: one b",2015,Journal of Field Robotics,Annalisa Milella; Giulio Reina; James Underwood,10.1002/rob.21512,,https://doi.org/10.1002/rob.21512,crossref,vision language action model limitation robotics,hostile,failure,,44,vision language action model; limitation,2026-06-12T15:07:36Z,14.203,19.203
arxiv:2512.01946v3,Scaling Cross-Environment Failure Reasoning Data for Vision-Language Robotic Manipulation,"Robust robotic manipulation requires reliable failure detection and recovery. Although recent Vision-Language Models (VLMs) show promise in robot failure detection, their generalization is severely limited by the scarcity and narrow coverage of failure data. To address this bottleneck, we propose an automatic framework for generating diverse robotic planning and execution failures across both simulated and real-world environments. Our approach perturbs successful manipulation trajectories to synthesize failures that reflect realistic failure distributions, and leverages VLMs to produce structured step-by-step reasoning traces. This yields FailCoT, a large-scale failure reasoning dataset built upon the RLBench simulator and the BridgeDataV2 real-robot dataset. Using FailCoT, we train Guardian, a multi-view reasoning VLM for unified planning and execution verification. Guardian achieves st",2025,arXiv,Paul Pacaud; Ricardo Garcia; Shizhe Chen; Cordelia Schmid,,2512.01946v3,http://arxiv.org/abs/2512.01946v3,arxiv,robot world model failure planning,hostile,failure,,,robot world model; failure detection; benchmark; generalization; deployment; robot world model failure,2026-06-12T14:45:03Z,10.150,19.150
arxiv:2502.19645v2,Fine-Tuning Vision-Language-Action Models: Optimizing Speed and Success,"Recent vision-language-action models (VLAs) build upon pretrained vision-language models and leverage diverse robot datasets to demonstrate strong task execution, language following ability, and semantic generalization. Despite these successes, VLAs struggle with novel robot setups and require fine-tuning to achieve good performance, yet how to most effectively fine-tune them is unclear given many possible strategies. In this work, we study key VLA adaptation design choices such as different action decoding schemes, action representations, and learning objectives for fine-tuning, using OpenVLA as our representative base model. Our empirical analysis informs an Optimized Fine-Tuning (OFT) recipe that integrates parallel decoding, action chunking, a continuous action representation, and a simple L1 regression-based learning objective to altogether improve inference efficiency, policy perfo",2025,arXiv,Moo Jin Kim; Chelsea Finn; Percy Liang,,2502.19645v2,http://arxiv.org/abs/2502.19645v2,arxiv,vision language action model limitation robotics,hostile,failure,,,vision language action model; diffusion policy; imitation learning; limitation; benchmark; generalization; real world evaluation,2026-06-12T14:45:03Z,10.150,19.150
arxiv:2506.20566v1,HRIBench: Benchmarking Vision-Language Models for Real-Time Human Perception in Human-Robot Interaction,"Real-time human perception is crucial for effective human-robot interaction (HRI). Large vision-language models (VLMs) offer promising generalizable perceptual capabilities but often suffer from high latency, which negatively impacts user experience and limits VLM applicability in real-world scenarios. To systematically study VLM capabilities in human perception for HRI and performance-latency trade-offs, we introduce HRIBench, a visual question-answering (VQA) benchmark designed to evaluate VLMs across a diverse set of human perceptual tasks critical for HRI. HRIBench covers five key domains: (1) non-verbal cue understanding, (2) verbal instruction understanding, (3) human-robot object relationship understanding, (4) social navigation, and (5) person identification. To construct HRIBench, we collected data from real-world HRI environments to curate questions for non-verbal cue understan",2025,arXiv,Zhonghao Shi; Enyu Zhao; Nathaniel Dennler; Jingzhen Wang; Xinyang Xu; Kaleen Shrestha; Mengxue Fu; Daniel Seita; Maja Matarić,,2506.20566v1,http://arxiv.org/abs/2506.20566v1,arxiv,vision language action model limitation robotics,hostile,failure,,,vision language action model; human robot interaction; limitation; benchmark; deployment; latency,2026-06-12T14:45:03Z,10.150,19.150
doi:10.1093/bib/bbad535,ChIP-GPT: a managed large language model for robust data extraction from biomedical database records,"Abstract Increasing volumes of biomedical data are amassing in databases. Large-scale analyses of these data have wide-ranging applications in biology and medicine. Such analyses require tools to characterize and process entries at scale. However, existing tools, mainly centered on extracting predefined fields, often fail to comprehensively process database entries or correct evident errors—a task humans can easily perform. These tools also lack the ability to reason like domain experts, hindering their robustness and analytical depth. Recent advances with large language models (LLMs) provide a fundamentally new way to query databases. But while a tool such as ChatGPT is adept at answering questions about manually input records, challenges arise when scaling up this process. First, interactions with the LLM need to be automated. Second, limitations on input length may require a record pr",2024,Briefings in Bioinformatics,Olivier Cinquin,10.1093/bib/bbad535,,https://doi.org/10.1093/bib/bbad535,crossref,large language model limitation robot planning,anti_myopia,anti_thesis,,17,limitation; robustness; large language model limitation robot planning,2026-06-12T15:07:36Z,13.145,19.145
doi:10.1609/aaai.v40i8.37544,ReCAD: Reinforcement Learning Enhanced Parametric CAD Model Generation with Vision-Language Models,"We present ReCAD, a reinforcement learning (RL) framework that bootstraps pretrained large models (PLMs) to generate precise parametric computer-aided design (CAD) models from multimodal inputs by leveraging their inherent generative capabilities. With just access to simple functional interfaces (e.g., point coordinates), our approach enables the emergence of complex CAD operations (e.g., pattern replication and mirror). This stands in contrast to previous methods, which typically rely on knowledge injected through supervised fine-tuning (SFT), offer limited support for editability, and fail to exploit the strong generative priors of PLMs. Specifically, the ReCAD framework begins by fine-tuning vision-language models (VLMs) to equip them with basic CAD model generation capabilities, where we rewrite CAD scripts into parameterized code that is leveraged to generate accurate textual descri",2026,Proceedings of the AAAI Conference on Artificial Intelligence,Jiahao Li; Yusheng Luo; Yunzhong Lou; Xiangdong Zhou,10.1609/aaai.v40i8.37544,,https://doi.org/10.1609/aaai.v40i8.37544,crossref,vision language action model limitation robotics,hostile,failure,,3,vision language action model; limitation; out of distribution,2026-06-12T15:07:36Z,12.993,18.993
doi:10.54254/2755-2721/2025.ast27134,Integrating Motion Planning in Vision Language Action Agents,"Vision-Language-Action (VLA) models integrate visual perception, natural language understanding, and embodied control into a unified framework, enabling end-to-end task execution from multimodal instructions. While such models have demonstrated impressive generalization across tasks and environments, their direct outputs—often in the form of discrete action tokens or waypoint sequences—frequently overlook key physical constraints, such as trajectory feasibility, collision avoidance, and dynamic consistency. This limitation hinders deployment in safety-critical and dynamic real-world settings. Integrating motion planning into VLA systems offers a principled solution, embedding geometric and dynamic constraints into the control pipeline to transform high-level semantic goals into safe, smooth, and executable trajectories. This work examines representative integration strategies alongside t",2025,Applied and Computational Engineering,Jianfeng Pang,10.54254/2755-2721/2025.ast27134,,https://doi.org/10.54254/2755-2721/2025.ast27134,crossref,vision language action model limitation robotics,hostile,failure,,,vision language action model; motion planning; limitation; generalization; deployment,2026-06-12T14:45:03Z,9.950,18.950
doi:10.66967/jaics.2026.v2i103,Multimodal AI: PaLM-E’s Role in Vision–Language–Robotics & the Future of Efficient Fine-Tuning,"The convergence of vision, language, and robotics represents a critical step toward building embodied artificial intelligence systems capable of robust perception, reasoning, and action in real-world environments. This study presents a structured and analytical investigation of PaLM-E, an embodied multimodal language model, examining its role in unifying vision–language reasoning with robotic control across diverse task settings. Rather than proposing a new architecture, the work contributes a systematic synthesis and critical evaluation of PaLM-E’s capabilities, highlighting its zero-shot generalization, long-horizon task planning, and multimodal reasoning through comparative analysis with existing vision–language and robotic frameworks. In parallel, the study analyzes Parameter-Efficient Fine-Tuning (PEFT) strategies—focusing on Low-Rank Adaptation (LoRA) and Quantized Low-Rank Adaptat",2026,Journal of Artificial Intelligence & Control Systems,,10.66967/jaics.2026.v2i103,,https://doi.org/10.66967/jaics.2026.v2i103,crossref,vision language action model limitation robotics,hostile,failure,,,vision language action model; limitation; generalization; deployment; long horizon,2026-06-12T14:45:03Z,9.950,18.950
doi:10.3390/s26103140,Uncertainty-Calibrated Safety Gating for Vision–Language– Action Manipulation Under Domain Shift: Reliability Gains and Intervention–Efficiency Trade-Offs,"Vision–Language–Action (VLA) policies promise flexible long-horizon manipulation, but deployment under domain shift requires both reliable uncertainty estimates and a workable runtime-assurance policy. We study a model-agnostic uncertainty-calibrated safety-gating wrapper that estimates online failure risk and routes control among policy execution, pause-and-reobserve, and a fallback planner. Using a cleaned and consistently aggregated benchmark pipeline, we evaluate two long-horizon manipulation tasks in NVIDIA Isaac Sim 5.0 under lighting, texture, occlusion, sensor, and combined shifts. Relative to an ungated VLA baseline, calibrated gating improves mean shifted success from 57.5% to 77.2% and reduces aggregate expected calibration error from 0.303 to 0.100. The largest success gains occur under occlusion and combined shift, including improvements from 48.3% to 85.2% on the drawer tas",2026,Sensors,Atef M. Ghaleb; Ali S. Allahloh; Sobhi Mejjaouli; Mohammed A. H. Ali; Adel Al-Shayea,10.3390/s26103140,,https://doi.org/10.3390/s26103140,crossref,vision language action model limitation robotics,hostile,failure,,,vision language action model; limitation; benchmark; robustness; occlusion; distribution shift; deployment; long horizon,2026-06-12T15:07:36Z,9.950,18.950
doi:10.1109/lra.2026.3692345,VLA-Touch: Enhancing Vision-Language-Action Model With Dual-Level Tactile Feedback,,2026,IEEE Robotics and Automation Letters,Jianxin Bi; Kevin Yuchen Ma; Ce Hao; Mike Shou Zheng; Harold Soh,10.1109/lra.2026.3692345,,https://doi.org/10.1109/lra.2026.3692345,crossref,world action model robotics,concept,wam,,1,world action model; vision language action model,2026-06-12T14:45:03Z,18.947,18.947
doi:10.5715/jnlp.27.963,"Robotics, Grounding and Natural Language Processing",,2020,Journal of Natural Language Processing,Daichi Mochihashi,10.5715/jnlp.27.963,,https://doi.org/10.5715/jnlp.27.963,crossref,vision language action model limitation robotics,hostile,failure,,1,vision language action model; limitation,2026-06-12T15:07:36Z,13.947,18.947
doi:10.32388/2q3k8u,Balancing Safety and Educational Availability in a Large Language Model-Based Virtual Patient for Medical Interview Training: Robustness Evaluation Under Direct and Indirect Instructional Contamination,"BACKGROUND: Large language model–based virtual patients are increasingly proposed for medical interview training. However, safety-oriented guardrails may unintentionally suppress the very dialogue needed for practice. Existing studies have focused more on realism or task accuracy than on whether an educational conversation remains usable under adversarial or noisy conditions. OBJECTIVE: This study aimed to evaluate the robustness of a large language model–based virtual patient for Japanese medical interview training, with a primary focus on educational availability: the ability to continue a clinically meaningful training dialogue while maintaining case-consistent responses. METHODS: We constructed a synthetic benchmark using 5 Japanese interview cases with slot-based ground truth and a 10-turn question protocol. The virtual patient was implemented through the OpenAI API using gpt-4o-min",,,Yuusuke Harada,10.32388/2q3k8u,,https://doi.org/10.32388/2q3k8u,crossref,large language model limitation robot planning,anti_myopia,anti_thesis,,,failure mode; limitation; benchmark; robustness; deployment; large language model limitation robot planning,2026-06-12T15:07:36Z,9.900,18.900
arxiv:2511.14659v1,NORA-1.5: A Vision-Language-Action Model Trained using World Model- and Action-based Preference Rewards,"Vision--language--action (VLA) models have recently shown promising performance on a variety of embodied tasks, yet they still fall short in reliability and generalization, especially when deployed across different embodiments or real-world environments. In this work, we introduce NORA-1.5, a VLA model built from the pre-trained NORA backbone by adding to it a flow-matching-based action expert. This architectural enhancement alone yields substantial performance gains, enabling NORA-1.5 to outperform NORA and several state-of-the-art VLA models across both simulated and real-world benchmarks. To further improve robustness and task success, we develop a set of reward models for post-training VLA policies. Our rewards combine (i) an action-conditioned world model (WM) that evaluates whether generated actions lead toward the desired goal, and (ii) a deviation-from-ground-truth heuristic that",2025,arXiv,Chia-Yu Hung; Navonil Majumder; Haoyuan Deng; Liu Renhang; Yankang Ang; Amir Zadeh; Chuan Li; Dorien Herremans; Ziwei Wang; Soujanya Poria,,2511.14659v1,http://arxiv.org/abs/2511.14659v1,arxiv,world action model,concept,architecture,,,world action model; vision language action model; embodied agent; benchmark; generalization; robustness; deployment,2026-06-12T15:07:36Z,13.850,18.850
doi:10.1017/cbo9780511499968.001,"Introduction to Grounding Cognition: The Role of Perception and Action in Memory, Language, and Thinking",,2005,Grounding Cognition,Diane Pecher; Rolf A. Zwaan,10.1017/cbo9780511499968.001,,https://doi.org/10.1017/cbo9780511499968.001,crossref,vision language action model limitation robotics,hostile,failure,,11,vision language action model; limitation,2026-06-12T15:07:36Z,13.842,18.842
doi:10.1142/9789812701886_0004,GROUNDING LANGUAGE IN PERCEPTION: A CONNECTIONIST MODEL OF SPATIAL TERMS AND VAGUE QUANTIFIERS,,2005,"Modeling Language, Cognition and Action",ANGELO CANGELOSI; KENNY R. COVENTRY; ROHANA RAJAPAKSE; DAN JOYCE; ALISON BACON; LYNN RICHARDS; STEVEN N. NEWSTEAD,10.1142/9789812701886_0004,,https://doi.org/10.1142/9789812701886_0004,crossref,vision language action model limitation robotics,hostile,failure,,10,vision language action model; limitation,2026-06-12T15:07:36Z,13.799,18.799
doi:10.1007/s11227-025-07159-0,Enhancing video temporal grounding with large language model-based data augmentation,,2025,The Journal of Supercomputing,Yun Tian; Xiaobo Guo; Jinsong Wang; Bin Li,10.1007/s11227-025-07159-0,,https://doi.org/10.1007/s11227-025-07159-0,crossref,large language model limitation robot planning,anti_myopia,anti_thesis,,2,limitation; large language model limitation robot planning,2026-06-12T15:07:36Z,14.749,18.749
doi:10.1177/02783649231196925,Tac2Pose: Tactile object pose estimation from the first touch,"In this paper, we present Tac2Pose, an object-specific approach to tactile pose estimation from the first touch for known objects. Given the object geometry, we learn a tailored perception model in simulation that estimates a probability distribution over possible object poses given a tactile observation. To do so, we simulate the contact shapes that a dense set of object poses would produce on the sensor. Then, given a new contact shape obtained from the sensor, we match it against the pre-computed set using an object-specific embedding learned using contrastive learning. We obtain contact shapes from the sensor with an object-agnostic calibration step that maps RGB (red, green, blue) tactile observations to binary contact shapes. This mapping, which can be reused across object and sensor instances, is the only step trained with real sensor data. This results in a perception model that ",2023,The International Journal of Robotics Research,Maria Bauza; Antonia Bronars; Alberto Rodriguez,10.1177/02783649231196925,,https://doi.org/10.1177/02783649231196925,crossref,tactile language action robotics,concept,tactile,,36,robustness,2026-06-12T14:45:03Z,17.705,18.705
doi:10.1016/j.langsci.2015.08.003,"Action, culture and metaphor: finding common ground in research on public language use",,2016,Language Sciences,Carol A. Fowler; Bert H. Hodges,10.1016/j.langsci.2015.08.003,,https://doi.org/10.1016/j.langsci.2015.08.003,crossref,vision language action model limitation robotics,hostile,failure,,5,vision language action model; limitation,2026-06-12T15:07:36Z,13.696,18.696
doi:10.1609/aaai.v40i22.38956,"Collaborative Representation Learning for Alignment of Tactile, Language, and Vision Modalities","Tactile sensing offers rich and complementary information to vision and language, enabling robots to perceive fine-grained object properties. However, existing tactile sensors lack standardization, leading to redundant features that hinder cross-sensor generalization. Moreover, existing methods fail to fully integrate the intermediate communication among tactile, language, and vision modalities. To address this, we propose TLV-CoRe, a CLIP-based Tactile-Language-Vision Collaborative Representation learning method. TLV-CoRe introduces a Sensor-Aware Modulator to unify tactile features across different sensors and employs tactile-irrelevant decoupled learning to disentangle irrelevant tactile features. Additionally, a Unified Bridging Adapter is introduced to enhance tri-modal interaction within the shared representation space. To fairly evaluate the effectiveness of tactile models, we fur",2026,Proceedings of the AAAI Conference on Artificial Intelligence,Yiyun Zhou; Mingjing Xu; Jingwei Shi; Quanjiang Li; Jingyuan Chen,10.1609/aaai.v40i22.38956,,https://doi.org/10.1609/aaai.v40i22.38956,crossref,tactile language action robotics,concept,tactile,,,generalization; robustness,2026-06-12T15:07:36Z,16.650,18.650
doi:10.1109/bibm58861.2023.10385329,Contextualized Large Language Model-Based Architecture for Outcome Measure Alignment in Clinical Trials,,2023,2023 IEEE International Conference on Bioinformatics and Biomedicine (BIBM),Fatemeh Shah-Mohammadi; Joseph Finkelstein,10.1109/bibm58861.2023.10385329,,https://doi.org/10.1109/bibm58861.2023.10385329,crossref,large language model limitation robot planning,anti_myopia,anti_thesis,,4,limitation; large language model limitation robot planning,2026-06-12T15:07:36Z,14.605,18.605
doi:10.21203/rs.3.rs-7853870/v1,Light-MLLMAD: A Lightweight Multimodal Large Language Model for One-Shot Industrial Visual Anomaly Detection,"Abstract Industrial visual anomaly detection plays a pivotal role in ensuring product quality and operational safety across manufacturing, energy, and precision engineering sectors. However, most deep learning approaches rely on extensive defect datasets, making them unsuitable for real-world scenarios where only a single defective instance may be available. To address this challenge, this paper introduces Light-MLLMAD, a Lightweight Multimodal Large Language Model framework designed for one-shot industrial anomaly detection. The proposed model integrates a compact vision encoder with parameter-efficient adapter layers and a text-guided reasoning module, enabling efficient learning from minimal examples. By employing prompt-conditioned anomaly grounding, Light-MLLMAD leverages natural-language prompts to describe contextual attributes such as texture, color deviation, or surface irregula",,,Augustian Isaac R; Sundaravadivel P; Vinoth kumar E.S; Priyanga G,10.21203/rs.3.rs-7853870/v1,,https://doi.org/10.21203/rs.3.rs-7853870/v1,crossref,large language model limitation robot planning,anti_myopia,anti_thesis,,1,limitation; benchmark; large language model limitation robot planning,2026-06-12T15:07:36Z,12.597,18.597
doi:10.3390/info16110939,ZeroDay-LLM: A Large Language Model Framework for Zero-Day Threat Detection in Cybersecurity,"Zero-day attacks pose unprecedented challenges to modern cybersecurity frameworks, exploiting unknown vulnerabilities that evade traditional signature-based detection systems. This paper presents ZeroDay-LLM, a novel large language model framework specifically designed for real-time zero-day threat detection in IoT and cloud networks. The proposed system integrates lightweight edge encoders with centralized transformer-based reasoning engines, enabling contextual understanding of network traffic patterns and behavioral anomalies. Through comprehensive evaluation on benchmark cybersecurity datasets including CICIDS2017, NSL-KDD, and UNSW-NB15, ZeroDay-LLM demonstrates superior performance, with a 97.8% accuracy in detecting novel attack signatures, a 23% reduction in false positives compared to traditional intrusion detection systems, and enhanced resilience against adversarial evasion te",2025,Information,Mohammed Abdullah Alsuwaiket,10.3390/info16110939,,https://doi.org/10.3390/info16110939,crossref,large language model limitation robot planning,anti_myopia,anti_thesis,,7,limitation; benchmark; robustness; deployment; latency; large language model limitation robot planning,2026-06-12T15:07:36Z,10.590,18.590
doi:10.1007/979-8-8688-0540-0_2,What Are Large Language Models?,,2024,Introduction to Python and Large Language Models,Dilyan Grigorov,10.1007/979-8-8688-0540-0_2,,https://doi.org/10.1007/979-8-8688-0540-0_2,crossref,large language model limitation robot planning,anti_myopia,anti_thesis,,2,limitation; large language model limitation robot planning,2026-06-12T15:07:36Z,14.549,18.549
doi:10.1093/jamia/ocae106,What can you do with a large language model?,,2024,Journal of the American Medical Informatics Association,Suzanne Bakken,10.1093/jamia/ocae106,,https://doi.org/10.1093/jamia/ocae106,crossref,large language model limitation robot planning,anti_myopia,anti_thesis,,2,limitation; large language model limitation robot planning,2026-06-12T15:07:36Z,14.549,18.549
doi:10.1109/southeastcon56624.2025.10971571,Predicting Teamwork Performance Using a Large Language Model to Annotate Repair and Grounding Utterances in Task-Based Conversations,,2025,SoutheastCon 2025,Akshitha Kartigueyan; Joseph P. Salisbury,10.1109/southeastcon56624.2025.10971571,,https://doi.org/10.1109/southeastcon56624.2025.10971571,crossref,large language model limitation robot planning,anti_myopia,anti_thesis,,1,limitation; large language model limitation robot planning,2026-06-12T15:07:36Z,14.547,18.547
doi:10.1109/ms.2025.3621625,What Inputs Drive Effective Large Language Model-Based Unit Test Generation?,,2026,IEEE Software,Saarang Agarwal; Pengyu Nie; Meiyappan Nagappan,10.1109/ms.2025.3621625,,https://doi.org/10.1109/ms.2025.3621625,crossref,large language model limitation robot planning,anti_myopia,anti_thesis,,1,limitation; large language model limitation robot planning,2026-06-12T15:07:36Z,14.547,18.547
arxiv:2602.19710v2,Universal Pose Pretraining for Generalizable Vision-Language-Action Policies,"Existing Vision-Language-Action (VLA) models often suffer from feature collapse and low training efficiency because they entangle high-level perception with sparse, embodiment-specific action supervision. Since these models typically rely on VLM backbones optimized for Visual Question Answering (VQA), they excel at semantic identification but often overlook subtle 3D state variations that dictate distinct action patterns. To resolve these misalignments, we propose Pose-VLA, a decoupled paradigm that separates VLA training into a pre-training phase for extracting universal 3D spatial priors in a unified camera-centric space, and a post-training phase for efficient embodiment alignment within robot-specific action space. By introducing discrete pose tokens as a universal representation, Pose-VLA seamlessly integrates spatial grounding from diverse 3D datasets with geometry-level trajectori",2026,arXiv,Haitao Lin; Hanyang Yu; Jingshun Huang; He Zhang; Yonggen Ling; Ping Tan; Xiangyang Xue; Yanwei Fu,,2602.19710v2,http://arxiv.org/abs/2602.19710v2,arxiv,vision language action model limitation robotics,hostile,failure,,,vision language action model; limitation; generalization,2026-06-12T14:45:03Z,12.500,18.500
arxiv:2605.22903v1,Seeing without Looking: Do Vision-Language Benchmarks Really Test Vision?,"Benchmark accuracy is often implicitly assumed to reflect grounded visual understanding in vision-language models (VLMs), yet it remains unclear to what extent such scores truly reflect reliance on visual evidence. Motivated by a surprising observation that removing a substantial fraction of image tokens only degrades model performance very slightly on a widely used hallucination benchmark, we systematically investigate this mismatch in a set of open-source VLMs. Our analysis spans multiple levels of granularity, spanning global visual degradation, localized occlusion, question reformulation, answer-space expansion, and decision-level analyses beyond standard accuracy. We further complement these behavioral results with a layer-wise analysis of vision-token geometry. Throughout the experiments, we find that although VLMs do incorporate visual input, their predictions are less sensitive t",2026,arXiv,Zixuan Lan; Luzhe Sun; Matthew R. Walter; Jiawei Zhou,,2605.22903v1,http://arxiv.org/abs/2605.22903v1,arxiv,vision language action model limitation robotics,hostile,failure,,,vision language action model; limitation; benchmark; occlusion,2026-06-12T14:45:03Z,12.500,18.500
arxiv:2504.11108v2,Benchmarking Vision Language Models on German Factual Data,"Similar to LLMs, the development of vision language models is mainly driven by English datasets and models trained in English and Chinese language, whereas support for other languages, even those considered high-resource languages such as German, remains significantly weaker. In this work we present an analysis of open-weight VLMs on factual knowledge in the German and English language. We disentangle the image-related aspects from the textual ones by analyzing accu-racy with jury-as-a-judge in both prompt languages and images from German and international contexts. We found that for celebrities and sights, VLMs struggle because they are lacking visual cognition of German image contents. For animals and plants, the tested models can often correctly identify the image contents ac-cording to the scientific name or English common name but fail in German lan-guage. Cars and supermarket produ",2025,arXiv,René Peinl; Vincent Tischler,,2504.11108v2,http://arxiv.org/abs/2504.11108v2,arxiv,vision language action model limitation robotics,hostile,failure,,,vision language action model; limitation; benchmark,2026-06-12T14:45:03Z,12.500,18.500
doi:10.1609/aaai.v38i16.29782,LLM vs Small Model? Large Language Model Based Text Augmentation Enhanced Personality Detection Model,"Personality detection aims to detect one's personality traits underlying in social media posts. One challenge of this task is the scarcity of ground-truth personality traits which are collected from self-report questionnaires. Most existing methods learn post features directly by fine-tuning the pre-trained language models under the supervision of limited personality labels. This leads to inferior quality of post features and consequently affects the performance. In addition, they treat personality traits as one-hot classification labels, overlooking the semantic information within them. In this paper, we propose a large language model (LLM) based text augmentation enhanced personality detection model, which distills the LLM's knowledge to enhance the small model for personality detection, even when the LLM fails in this task. Specifically, we enable LLM to generate post analyses (augmen",2024,Proceedings of the AAAI Conference on Artificial Intelligence,Linmei Hu; Hongyu He; Duokang Wang; Ziwang Zhao; Yingxia Shao; Liqiang Nie,10.1609/aaai.v38i16.29782,,https://doi.org/10.1609/aaai.v38i16.29782,crossref,large language model limitation robot planning,anti_myopia,anti_thesis,,26,limitation; benchmark; large language model limitation robot planning,2026-06-12T15:07:36Z,13.348,18.348
doi:10.1002/adrr.202500072,Grounding Large Language Models for Robot Task Planning Using Closed‐Loop State Feedback,"Planning algorithms break complex problems into sequential steps for robots. Recent work employs Large Language Models (LLMs) to generate robot policies directly from natural language in simulation and real‐world settings. Models such as GPT‐5 generalize to unseen tasks but often hallucinate because they lack sufficient environmental grounding; supplying state feedback improves robustness. We introduce a task‐planning method that uses two LLMs—one for high‐level planning and one for low‐level control—thereby raising task success rates and goal‐condition recall. Our algorithm, BrainBody‐LLM, is inspired by the human neural system, dividing planning hierarchically across the two LLMs and closing the loop with feedback that learns from simulator errors to fix execution failures. Implemented with GPT‐5, BrainBody‐LLM improves task‐oriented success in the VirtualHome environment by 17% over c",2025,Advanced Robotics Research,Vineet Bhat; Ali Umut Kaypak; Prashanth Krishnamurthy; Ramesh Karri; Farshad Khorrami,10.1002/adrr.202500072,,https://doi.org/10.1002/adrr.202500072,crossref,robot world models manipulation,concept,world_models,,7,robot world model; robustness,2026-06-12T15:07:36Z,15.340,18.340
